heart0.jpg, 0
heart1.jpg, 0
heart2.jpg, 0
heart3.jpg, 0
heart4.jpg, 0
heart5.jpg, 0
heart6.jpg, 0
heart7.jpg, 0
heart8.jpg, 0
heart9.jpg, 0
heart10.jpg, 0
heart11.jpg, 0
heart12.jpg, 0
heart13.jpg, 0
heart14.jpg, 0
heart15.jpg, 0
heart16.jpg, 0
heart17.jpg, 0
heart18.jpg, 0
heart19.jpg, 0
heart20.jpg, 0
heart21.jpg, 0
heart22.jpg, 0
heart23.jpg, 0
heart24.jpg, 0
heart25.jpg, 0
heart26.jpg, 0
heart27.jpg, 0
heart28.jpg, 0
heart29.jpg, 0
heart30.jpg, 0
heart31.jpg, 0
heart32.jpg, 0
heart33.jpg, 0
heart34.jpg, 0
heart35.jpg, 0
heart36.jpg, 0
heart37.jpg, 0
heart38.jpg, 0
heart39.jpg, 0
heart40.jpg, 0
heart41.jpg, 0
heart42.jpg, 0
heart43.jpg, 0
heart44.jpg, 0
heart45.jpg, 0
heart46.jpg, 0
heart47.jpg, 0
heart48.jpg, 0
heart49.jpg, 0
heart50.jpg, 0
heart51.jpg, 0
heart52.jpg, 0
heart53.jpg, 0
heart54.jpg, 0
heart55.jpg, 0
heart56.jpg, 0
heart57.jpg, 0
heart58.jpg, 0
heart59.jpg, 0
heart60.jpg, 0
heart61.jpg, 0
heart62.jpg, 0
heart63.jpg, 0
heart64.jpg, 0
heart65.jpg, 0
heart66.jpg, 0
heart67.jpg, 0
heart68.jpg, 0
heart69.jpg, 0
heart70.jpg, 0
heart71.jpg, 0
heart72.jpg, 0
heart73.jpg, 0
heart74.jpg, 0
heart75.jpg, 0
heart76.jpg, 0
heart77.jpg, 0
heart78.jpg, 0
heart79.jpg, 0
heart80.jpg, 0
heart81.jpg, 0
heart82.jpg, 0
heart83.jpg, 0
heart84.jpg, 0
heart85.jpg, 0
heart86.jpg, 0
heart87.jpg, 0
heart88.jpg, 0
heart89.jpg, 0
heart90.jpg, 0
heart91.jpg, 0
heart92.jpg, 0
heart93.jpg, 0
heart94.jpg, 0
heart95.jpg, 0
heart96.jpg, 0
heart97.jpg, 0
heart98.jpg, 0
heart99.jpg, 0
heart100.jpg, 0
heart101.jpg, 0
heart102.jpg, 0
heart103.jpg, 0
heart104.jpg, 0
heart105.jpg, 0
heart106.jpg, 0
heart107.jpg, 0
heart108.jpg, 0
heart109.jpg, 0
heart110.jpg, 0
heart111.jpg, 0
heart112.jpg, 0
heart113.jpg, 0
heart114.jpg, 0
heart115.jpg, 0
heart116.jpg, 0
heart117.jpg, 0
heart118.jpg, 0
heart119.jpg, 0
heart120.jpg, 0
heart121.jpg, 0
heart122.jpg, 0
heart123.jpg, 0
heart124.jpg, 0
heart125.jpg, 0
heart126.jpg, 0
heart127.jpg, 0
heart128.jpg, 0
heart129.jpg, 0
heart130.jpg, 0
heart131.jpg, 0
heart132.jpg, 0
heart133.jpg, 0
heart134.jpg, 0
heart135.jpg, 0
heart136.jpg, 0
heart137.jpg, 0
heart138.jpg, 0
heart139.jpg, 0
heart140.jpg, 0
heart141.jpg, 0
heart142.jpg, 0
heart143.jpg, 0
heart144.jpg, 0
heart145.jpg, 0
heart146.jpg, 0
heart147.jpg, 0
heart148.jpg, 0
heart149.jpg, 0
heart150.jpg, 0
heart151.jpg, 0
heart152.jpg, 0
heart153.jpg, 0
heart154.jpg, 0
heart155.jpg, 0
heart156.jpg, 0
heart157.jpg, 0
heart158.jpg, 0
heart159.jpg, 0
heart160.jpg, 0
heart161.jpg, 0
heart162.jpg, 0
heart163.jpg, 0
heart164.jpg, 0
heart165.jpg, 0
heart166.jpg, 0
heart167.jpg, 0
heart168.jpg, 0
heart169.jpg, 0
heart170.jpg, 0
heart171.jpg, 0
heart172.jpg, 0
heart173.jpg, 0
heart174.jpg, 0
heart175.jpg, 0
heart176.jpg, 0
heart177.jpg, 0
heart178.jpg, 0
heart179.jpg, 0
heart180.jpg, 0
heart181.jpg, 0
heart182.jpg, 0
heart183.jpg, 0
heart184.jpg, 0
heart185.jpg, 0
heart186.jpg, 0
heart187.jpg, 0
heart188.jpg, 0
heart189.jpg, 0
heart190.jpg, 0
heart191.jpg, 0
heart192.jpg, 0
heart193.jpg, 0
heart194.jpg, 0
heart195.jpg, 0
heart196.jpg, 0
heart197.jpg, 0
heart198.jpg, 0
heart199.jpg, 0
heart200.jpg, 0
heart201.jpg, 0
heart202.jpg, 0
heart203.jpg, 0
heart204.jpg, 0
heart205.jpg, 0
heart206.jpg, 0
heart207.jpg, 0
heart208.jpg, 0
heart209.jpg, 0
heart210.jpg, 0
heart211.jpg, 0
heart212.jpg, 0
heart213.jpg, 0
heart214.jpg, 0
heart215.jpg, 0
heart216.jpg, 0
heart217.jpg, 0
heart218.jpg, 0
heart219.jpg, 0
heart220.jpg, 0
heart221.jpg, 0
heart222.jpg, 0
heart223.jpg, 0
heart224.jpg, 0
heart225.jpg, 0
heart226.jpg, 0
heart227.jpg, 0
heart228.jpg, 0
heart229.jpg, 0
heart230.jpg, 0
heart231.jpg, 0
heart232.jpg, 0
heart233.jpg, 0
heart234.jpg, 0
heart235.jpg, 0
heart236.jpg, 0
heart237.jpg, 0
heart238.jpg, 0
heart239.jpg, 0
heart240.jpg, 0
heart241.jpg, 0
heart242.jpg, 0
heart243.jpg, 0
heart244.jpg, 0
heart245.jpg, 0
heart246.jpg, 0
heart247.jpg, 0
heart248.jpg, 0
heart249.jpg, 0
heart250.jpg, 0
heart251.jpg, 0
heart252.jpg, 0
heart253.jpg, 0
heart254.jpg, 0
heart255.jpg, 0
heart256.jpg, 0
heart257.jpg, 0
heart258.jpg, 0
heart259.jpg, 0
heart260.jpg, 0
heart261.jpg, 0
heart262.jpg, 0
heart263.jpg, 0
heart264.jpg, 0
heart265.jpg, 0
heart266.jpg, 0
heart267.jpg, 0
heart268.jpg, 0
heart269.jpg, 0
heart270.jpg, 0
heart271.jpg, 0
heart272.jpg, 0
heart273.jpg, 0
heart274.jpg, 0
heart275.jpg, 0
heart276.jpg, 0
heart277.jpg, 0
heart278.jpg, 0
heart279.jpg, 0
heart280.jpg, 0
heart281.jpg, 0
heart282.jpg, 0
heart283.jpg, 0
heart284.jpg, 0
heart285.jpg, 0
heart286.jpg, 0
heart287.jpg, 0
heart288.jpg, 0
heart289.jpg, 0
heart290.jpg, 0
heart291.jpg, 0
heart292.jpg, 0
heart293.jpg, 0
heart294.jpg, 0
heart295.jpg, 0
heart296.jpg, 0
heart297.jpg, 0
heart298.jpg, 0
heart299.jpg, 0
heart300.jpg, 0
heart301.jpg, 0
heart302.jpg, 0
heart303.jpg, 0
heart304.jpg, 0
heart305.jpg, 0
heart306.jpg, 0
heart307.jpg, 0
heart308.jpg, 0
heart309.jpg, 0
heart310.jpg, 0
heart311.jpg, 0
heart312.jpg, 0
heart313.jpg, 0
heart314.jpg, 0
heart315.jpg, 0
heart316.jpg, 0
heart317.jpg, 0
heart318.jpg, 0
heart319.jpg, 0
heart320.jpg, 0
heart321.jpg, 0
heart322.jpg, 0
heart323.jpg, 0
heart324.jpg, 0
heart325.jpg, 0
heart326.jpg, 0
heart327.jpg, 0
heart328.jpg, 0
heart329.jpg, 0
heart330.jpg, 0
heart331.jpg, 0
heart332.jpg, 0
heart333.jpg, 0
heart334.jpg, 0
heart335.jpg, 0
heart336.jpg, 0
heart337.jpg, 0
heart338.jpg, 0
heart339.jpg, 0
heart340.jpg, 0
heart341.jpg, 0
heart342.jpg, 0
heart343.jpg, 0
heart344.jpg, 0
heart345.jpg, 0
heart346.jpg, 0
heart347.jpg, 0
heart348.jpg, 0
heart349.jpg, 0
heart350.jpg, 0
heart351.jpg, 0
heart352.jpg, 0
heart353.jpg, 0
heart354.jpg, 0
heart355.jpg, 0
heart356.jpg, 0
heart357.jpg, 0
heart358.jpg, 0
heart359.jpg, 0
heart360.jpg, 0
heart361.jpg, 0
heart362.jpg, 0
heart363.jpg, 0
heart364.jpg, 0
heart365.jpg, 0
heart366.jpg, 0
heart367.jpg, 0
heart368.jpg, 0
heart369.jpg, 0
heart370.jpg, 0
heart371.jpg, 0
heart372.jpg, 0
heart373.jpg, 0
heart374.jpg, 0
heart375.jpg, 0
heart376.jpg, 0
heart377.jpg, 0
heart378.jpg, 0
heart379.jpg, 0
heart380.jpg, 0
heart381.jpg, 0
heart382.jpg, 0
heart383.jpg, 0
heart384.jpg, 0
heart385.jpg, 0
heart386.jpg, 0
heart387.jpg, 0
heart388.jpg, 0
heart389.jpg, 0
heart390.jpg, 0
heart391.jpg, 0
heart392.jpg, 0
heart393.jpg, 0
heart394.jpg, 0
heart395.jpg, 0
heart396.jpg, 0
heart397.jpg, 0
heart398.jpg, 0
heart399.jpg, 0
circle0.jpg, 1
circle1.jpg, 1
circle2.jpg, 1
circle3.jpg, 1
circle4.jpg, 1
circle5.jpg, 1
circle6.jpg, 1
circle7.jpg, 1
circle8.jpg, 1
circle9.jpg, 1
circle10.jpg, 1
circle11.jpg, 1
circle12.jpg, 1
circle13.jpg, 1
circle14.jpg, 1
circle15.jpg, 1
circle16.jpg, 1
circle17.jpg, 1
circle18.jpg, 1
circle19.jpg, 1
circle20.jpg, 1
circle21.jpg, 1
circle22.jpg, 1
circle23.jpg, 1
circle24.jpg, 1
circle25.jpg, 1
circle26.jpg, 1
circle27.jpg, 1
circle28.jpg, 1
circle29.jpg, 1
circle30.jpg, 1
circle31.jpg, 1
circle32.jpg, 1
circle33.jpg, 1
circle34.jpg, 1
circle35.jpg, 1
circle36.jpg, 1
circle37.jpg, 1
circle38.jpg, 1
circle39.jpg, 1
circle40.jpg, 1
circle41.jpg, 1
circle42.jpg, 1
circle43.jpg, 1
circle44.jpg, 1
circle45.jpg, 1
circle46.jpg, 1
circle47.jpg, 1
circle48.jpg, 1
circle49.jpg, 1
circle50.jpg, 1
circle51.jpg, 1
circle52.jpg, 1
circle53.jpg, 1
circle54.jpg, 1
circle55.jpg, 1
circle56.jpg, 1
circle57.jpg, 1
circle58.jpg, 1
circle59.jpg, 1
circle60.jpg, 1
circle61.jpg, 1
circle62.jpg, 1
circle63.jpg, 1
circle64.jpg, 1
circle65.jpg, 1
circle66.jpg, 1
circle67.jpg, 1
circle68.jpg, 1
circle69.jpg, 1
circle70.jpg, 1
circle71.jpg, 1
circle72.jpg, 1
circle73.jpg, 1
circle74.jpg, 1
circle75.jpg, 1
circle76.jpg, 1
circle77.jpg, 1
circle78.jpg, 1
circle79.jpg, 1
circle80.jpg, 1
circle81.jpg, 1
circle82.jpg, 1
circle83.jpg, 1
circle84.jpg, 1
circle85.jpg, 1
circle86.jpg, 1
circle87.jpg, 1
circle88.jpg, 1
circle89.jpg, 1
circle90.jpg, 1
circle91.jpg, 1
circle92.jpg, 1
circle93.jpg, 1
circle94.jpg, 1
circle95.jpg, 1
circle96.jpg, 1
circle97.jpg, 1
circle98.jpg, 1
circle99.jpg, 1
circle100.jpg, 1
circle101.jpg, 1
circle102.jpg, 1
circle103.jpg, 1
circle104.jpg, 1
circle105.jpg, 1
circle106.jpg, 1
circle107.jpg, 1
circle108.jpg, 1
circle109.jpg, 1
circle110.jpg, 1
circle111.jpg, 1
circle112.jpg, 1
circle113.jpg, 1
circle114.jpg, 1
circle115.jpg, 1
circle116.jpg, 1
circle117.jpg, 1
circle118.jpg, 1
circle119.jpg, 1
circle120.jpg, 1
circle121.jpg, 1
circle122.jpg, 1
circle123.jpg, 1
circle124.jpg, 1
circle125.jpg, 1
circle126.jpg, 1
circle127.jpg, 1
circle128.jpg, 1
circle129.jpg, 1
circle130.jpg, 1
circle131.jpg, 1
circle132.jpg, 1
circle133.jpg, 1
circle134.jpg, 1
circle135.jpg, 1
circle136.jpg, 1
circle137.jpg, 1
circle138.jpg, 1
circle139.jpg, 1
circle140.jpg, 1
circle141.jpg, 1
circle142.jpg, 1
circle143.jpg, 1
circle144.jpg, 1
circle145.jpg, 1
circle146.jpg, 1
circle147.jpg, 1
circle148.jpg, 1
circle149.jpg, 1
circle150.jpg, 1
circle151.jpg, 1
circle152.jpg, 1
circle153.jpg, 1
circle154.jpg, 1
circle155.jpg, 1
circle156.jpg, 1
circle157.jpg, 1
circle158.jpg, 1
circle159.jpg, 1
circle160.jpg, 1
circle161.jpg, 1
circle162.jpg, 1
circle163.jpg, 1
circle164.jpg, 1
circle165.jpg, 1
circle166.jpg, 1
circle167.jpg, 1
circle168.jpg, 1
circle169.jpg, 1
circle170.jpg, 1
circle171.jpg, 1
circle172.jpg, 1
circle173.jpg, 1
circle174.jpg, 1
circle175.jpg, 1
circle176.jpg, 1
circle177.jpg, 1
circle178.jpg, 1
circle179.jpg, 1
circle180.jpg, 1
circle181.jpg, 1
circle182.jpg, 1
circle183.jpg, 1
circle184.jpg, 1
circle185.jpg, 1
circle186.jpg, 1
circle187.jpg, 1
circle188.jpg, 1
circle189.jpg, 1
circle190.jpg, 1
circle191.jpg, 1
circle192.jpg, 1
circle193.jpg, 1
circle194.jpg, 1
circle195.jpg, 1
circle196.jpg, 1
circle197.jpg, 1
circle198.jpg, 1
circle199.jpg, 1
circle200.jpg, 1
circle201.jpg, 1
circle202.jpg, 1
circle203.jpg, 1
circle204.jpg, 1
circle205.jpg, 1
circle206.jpg, 1
circle207.jpg, 1
circle208.jpg, 1
circle209.jpg, 1
circle210.jpg, 1
circle211.jpg, 1
circle212.jpg, 1
circle213.jpg, 1
circle214.jpg, 1
circle215.jpg, 1
circle216.jpg, 1
circle217.jpg, 1
circle218.jpg, 1
circle219.jpg, 1
circle220.jpg, 1
circle221.jpg, 1
circle222.jpg, 1
circle223.jpg, 1
circle224.jpg, 1
circle225.jpg, 1
circle226.jpg, 1
circle227.jpg, 1
circle228.jpg, 1
circle229.jpg, 1
circle230.jpg, 1
circle231.jpg, 1
circle232.jpg, 1
circle233.jpg, 1
circle234.jpg, 1
circle235.jpg, 1
circle236.jpg, 1
circle237.jpg, 1
circle238.jpg, 1
circle239.jpg, 1
circle240.jpg, 1
circle241.jpg, 1
circle242.jpg, 1
circle243.jpg, 1
circle244.jpg, 1
circle245.jpg, 1
circle246.jpg, 1
circle247.jpg, 1
circle248.jpg, 1
circle249.jpg, 1
circle250.jpg, 1
circle251.jpg, 1
circle252.jpg, 1
circle253.jpg, 1
circle254.jpg, 1
circle255.jpg, 1
circle256.jpg, 1
circle257.jpg, 1
circle258.jpg, 1
circle259.jpg, 1
circle260.jpg, 1
circle261.jpg, 1
circle262.jpg, 1
circle263.jpg, 1
circle264.jpg, 1
circle265.jpg, 1
circle266.jpg, 1
circle267.jpg, 1
circle268.jpg, 1
circle269.jpg, 1
circle270.jpg, 1
circle271.jpg, 1
circle272.jpg, 1
circle273.jpg, 1
circle274.jpg, 1
circle275.jpg, 1
circle276.jpg, 1
circle277.jpg, 1
circle278.jpg, 1
circle279.jpg, 1
circle280.jpg, 1
circle281.jpg, 1
circle282.jpg, 1
circle283.jpg, 1
circle284.jpg, 1
circle285.jpg, 1
circle286.jpg, 1
circle287.jpg, 1
circle288.jpg, 1
circle289.jpg, 1
circle290.jpg, 1
circle291.jpg, 1
circle292.jpg, 1
circle293.jpg, 1
circle294.jpg, 1
circle295.jpg, 1
circle296.jpg, 1
circle297.jpg, 1
circle298.jpg, 1
circle299.jpg, 1
circle300.jpg, 1
circle301.jpg, 1
circle302.jpg, 1
circle303.jpg, 1
circle304.jpg, 1
circle305.jpg, 1
circle306.jpg, 1
circle307.jpg, 1
circle308.jpg, 1
circle309.jpg, 1
circle310.jpg, 1
circle311.jpg, 1
circle312.jpg, 1
circle313.jpg, 1
circle314.jpg, 1
circle315.jpg, 1
circle316.jpg, 1
circle317.jpg, 1
circle318.jpg, 1
circle319.jpg, 1
circle320.jpg, 1
circle321.jpg, 1
circle322.jpg, 1
circle323.jpg, 1
circle324.jpg, 1
circle325.jpg, 1
circle326.jpg, 1
circle327.jpg, 1
circle328.jpg, 1
circle329.jpg, 1
circle330.jpg, 1
circle331.jpg, 1
circle332.jpg, 1
circle333.jpg, 1
circle334.jpg, 1
circle335.jpg, 1
circle336.jpg, 1
circle337.jpg, 1
circle338.jpg, 1
circle339.jpg, 1
circle340.jpg, 1
circle341.jpg, 1
circle342.jpg, 1
circle343.jpg, 1
circle344.jpg, 1
circle345.jpg, 1
circle346.jpg, 1
circle347.jpg, 1
circle348.jpg, 1
circle349.jpg, 1
circle350.jpg, 1
circle351.jpg, 1
circle352.jpg, 1
circle353.jpg, 1
circle354.jpg, 1
circle355.jpg, 1
circle356.jpg, 1
circle357.jpg, 1
circle358.jpg, 1
circle359.jpg, 1
circle360.jpg, 1
circle361.jpg, 1
circle362.jpg, 1
circle363.jpg, 1
circle364.jpg, 1
circle365.jpg, 1
circle366.jpg, 1
circle367.jpg, 1
circle368.jpg, 1
circle369.jpg, 1
circle370.jpg, 1
circle371.jpg, 1
circle372.jpg, 1
circle373.jpg, 1
circle374.jpg, 1
circle375.jpg, 1
circle376.jpg, 1
circle377.jpg, 1
circle378.jpg, 1
circle379.jpg, 1
circle380.jpg, 1
circle381.jpg, 1
circle382.jpg, 1
circle383.jpg, 1
circle384.jpg, 1
circle385.jpg, 1
circle386.jpg, 1
circle387.jpg, 1
circle388.jpg, 1
circle389.jpg, 1
circle390.jpg, 1
circle391.jpg, 1
circle392.jpg, 1
circle393.jpg, 1
circle394.jpg, 1
circle395.jpg, 1
circle396.jpg, 1
circle397.jpg, 1
circle398.jpg, 1
circle399.jpg, 1
triangle0.jpg, 2
triangle1.jpg, 2
triangle2.jpg, 2
triangle3.jpg, 2
triangle4.jpg, 2
triangle5.jpg, 2
triangle6.jpg, 2
triangle7.jpg, 2
triangle8.jpg, 2
triangle9.jpg, 2
triangle10.jpg, 2
triangle11.jpg, 2
triangle12.jpg, 2
triangle13.jpg, 2
triangle14.jpg, 2
triangle15.jpg, 2
triangle16.jpg, 2
triangle17.jpg, 2
triangle18.jpg, 2
triangle19.jpg, 2
triangle20.jpg, 2
triangle21.jpg, 2
triangle22.jpg, 2
triangle23.jpg, 2
triangle24.jpg, 2
triangle25.jpg, 2
triangle26.jpg, 2
triangle27.jpg, 2
triangle28.jpg, 2
triangle29.jpg, 2
triangle30.jpg, 2
triangle31.jpg, 2
triangle32.jpg, 2
triangle33.jpg, 2
triangle34.jpg, 2
triangle35.jpg, 2
triangle36.jpg, 2
triangle37.jpg, 2
triangle38.jpg, 2
triangle39.jpg, 2
triangle40.jpg, 2
triangle41.jpg, 2
triangle42.jpg, 2
triangle43.jpg, 2
triangle44.jpg, 2
triangle45.jpg, 2
triangle46.jpg, 2
triangle47.jpg, 2
triangle48.jpg, 2
triangle49.jpg, 2
triangle50.jpg, 2
triangle51.jpg, 2
triangle52.jpg, 2
triangle53.jpg, 2
triangle54.jpg, 2
triangle55.jpg, 2
triangle56.jpg, 2
triangle57.jpg, 2
triangle58.jpg, 2
triangle59.jpg, 2
triangle60.jpg, 2
triangle61.jpg, 2
triangle62.jpg, 2
triangle63.jpg, 2
triangle64.jpg, 2
triangle65.jpg, 2
triangle66.jpg, 2
triangle67.jpg, 2
triangle68.jpg, 2
triangle69.jpg, 2
triangle70.jpg, 2
triangle71.jpg, 2
triangle72.jpg, 2
triangle73.jpg, 2
triangle74.jpg, 2
triangle75.jpg, 2
triangle76.jpg, 2
triangle77.jpg, 2
triangle78.jpg, 2
triangle79.jpg, 2
triangle80.jpg, 2
triangle81.jpg, 2
triangle82.jpg, 2
triangle83.jpg, 2
triangle84.jpg, 2
triangle85.jpg, 2
triangle86.jpg, 2
triangle87.jpg, 2
triangle88.jpg, 2
triangle89.jpg, 2
triangle90.jpg, 2
triangle91.jpg, 2
triangle92.jpg, 2
triangle93.jpg, 2
triangle94.jpg, 2
triangle95.jpg, 2
triangle96.jpg, 2
triangle97.jpg, 2
triangle98.jpg, 2
triangle99.jpg, 2
triangle100.jpg, 2
triangle101.jpg, 2
triangle102.jpg, 2
triangle103.jpg, 2
triangle104.jpg, 2
triangle105.jpg, 2
triangle106.jpg, 2
triangle107.jpg, 2
triangle108.jpg, 2
triangle109.jpg, 2
triangle110.jpg, 2
triangle111.jpg, 2
triangle112.jpg, 2
triangle113.jpg, 2
triangle114.jpg, 2
triangle115.jpg, 2
triangle116.jpg, 2
triangle117.jpg, 2
triangle118.jpg, 2
triangle119.jpg, 2
triangle120.jpg, 2
triangle121.jpg, 2
triangle122.jpg, 2
triangle123.jpg, 2
triangle124.jpg, 2
triangle125.jpg, 2
triangle126.jpg, 2
triangle127.jpg, 2
triangle128.jpg, 2
triangle129.jpg, 2
triangle130.jpg, 2
triangle131.jpg, 2
triangle132.jpg, 2
triangle133.jpg, 2
triangle134.jpg, 2
triangle135.jpg, 2
triangle136.jpg, 2
triangle137.jpg, 2
triangle138.jpg, 2
triangle139.jpg, 2
triangle140.jpg, 2
triangle141.jpg, 2
triangle142.jpg, 2
triangle143.jpg, 2
triangle144.jpg, 2
triangle145.jpg, 2
triangle146.jpg, 2
triangle147.jpg, 2
triangle148.jpg, 2
triangle149.jpg, 2
triangle150.jpg, 2
triangle151.jpg, 2
triangle152.jpg, 2
triangle153.jpg, 2
triangle154.jpg, 2
triangle155.jpg, 2
triangle156.jpg, 2
triangle157.jpg, 2
triangle158.jpg, 2
triangle159.jpg, 2
triangle160.jpg, 2
triangle161.jpg, 2
triangle162.jpg, 2
triangle163.jpg, 2
triangle164.jpg, 2
triangle165.jpg, 2
triangle166.jpg, 2
triangle167.jpg, 2
triangle168.jpg, 2
triangle169.jpg, 2
triangle170.jpg, 2
triangle171.jpg, 2
triangle172.jpg, 2
triangle173.jpg, 2
triangle174.jpg, 2
triangle175.jpg, 2
triangle176.jpg, 2
triangle177.jpg, 2
triangle178.jpg, 2
triangle179.jpg, 2
triangle180.jpg, 2
triangle181.jpg, 2
triangle182.jpg, 2
triangle183.jpg, 2
triangle184.jpg, 2
triangle185.jpg, 2
triangle186.jpg, 2
triangle187.jpg, 2
triangle188.jpg, 2
triangle189.jpg, 2
triangle190.jpg, 2
triangle191.jpg, 2
triangle192.jpg, 2
triangle193.jpg, 2
triangle194.jpg, 2
triangle195.jpg, 2
triangle196.jpg, 2
triangle197.jpg, 2
triangle198.jpg, 2
triangle199.jpg, 2
triangle200.jpg, 2
triangle201.jpg, 2
triangle202.jpg, 2
triangle203.jpg, 2
triangle204.jpg, 2
triangle205.jpg, 2
triangle206.jpg, 2
triangle207.jpg, 2
triangle208.jpg, 2
triangle209.jpg, 2
triangle210.jpg, 2
triangle211.jpg, 2
triangle212.jpg, 2
triangle213.jpg, 2
triangle214.jpg, 2
triangle215.jpg, 2
triangle216.jpg, 2
triangle217.jpg, 2
triangle218.jpg, 2
triangle219.jpg, 2
triangle220.jpg, 2
triangle221.jpg, 2
triangle222.jpg, 2
triangle223.jpg, 2
triangle224.jpg, 2
triangle225.jpg, 2
triangle226.jpg, 2
triangle227.jpg, 2
triangle228.jpg, 2
triangle229.jpg, 2
triangle230.jpg, 2
triangle231.jpg, 2
triangle232.jpg, 2
triangle233.jpg, 2
triangle234.jpg, 2
triangle235.jpg, 2
triangle236.jpg, 2
triangle237.jpg, 2
triangle238.jpg, 2
triangle239.jpg, 2
triangle240.jpg, 2
triangle241.jpg, 2
triangle242.jpg, 2
triangle243.jpg, 2
triangle244.jpg, 2
triangle245.jpg, 2
triangle246.jpg, 2
triangle247.jpg, 2
triangle248.jpg, 2
triangle249.jpg, 2
triangle250.jpg, 2
triangle251.jpg, 2
triangle252.jpg, 2
triangle253.jpg, 2
triangle254.jpg, 2
triangle255.jpg, 2
triangle256.jpg, 2
triangle257.jpg, 2
triangle258.jpg, 2
triangle259.jpg, 2
triangle260.jpg, 2
triangle261.jpg, 2
triangle262.jpg, 2
triangle263.jpg, 2
triangle264.jpg, 2
triangle265.jpg, 2
triangle266.jpg, 2
triangle267.jpg, 2
triangle268.jpg, 2
triangle269.jpg, 2
triangle270.jpg, 2
triangle271.jpg, 2
triangle272.jpg, 2
triangle273.jpg, 2
triangle274.jpg, 2
triangle275.jpg, 2
triangle276.jpg, 2
triangle277.jpg, 2
triangle278.jpg, 2
triangle279.jpg, 2
triangle280.jpg, 2
triangle281.jpg, 2
triangle282.jpg, 2
triangle283.jpg, 2
triangle284.jpg, 2
triangle285.jpg, 2
triangle286.jpg, 2
triangle287.jpg, 2
triangle288.jpg, 2
triangle289.jpg, 2
triangle290.jpg, 2
triangle291.jpg, 2
triangle292.jpg, 2
triangle293.jpg, 2
triangle294.jpg, 2
triangle295.jpg, 2
triangle296.jpg, 2
triangle297.jpg, 2
triangle298.jpg, 2
triangle299.jpg, 2
triangle300.jpg, 2
triangle301.jpg, 2
triangle302.jpg, 2
triangle303.jpg, 2
triangle304.jpg, 2
triangle305.jpg, 2
triangle306.jpg, 2
triangle307.jpg, 2
triangle308.jpg, 2
triangle309.jpg, 2
triangle310.jpg, 2
triangle311.jpg, 2
triangle312.jpg, 2
triangle313.jpg, 2
triangle314.jpg, 2
triangle315.jpg, 2
triangle316.jpg, 2
triangle317.jpg, 2
triangle318.jpg, 2
triangle319.jpg, 2
triangle320.jpg, 2
triangle321.jpg, 2
triangle322.jpg, 2
triangle323.jpg, 2
triangle324.jpg, 2
triangle325.jpg, 2
triangle326.jpg, 2
triangle327.jpg, 2
triangle328.jpg, 2
triangle329.jpg, 2
triangle330.jpg, 2
triangle331.jpg, 2
triangle332.jpg, 2
triangle333.jpg, 2
triangle334.jpg, 2
triangle335.jpg, 2
triangle336.jpg, 2
triangle337.jpg, 2
triangle338.jpg, 2
triangle339.jpg, 2
triangle340.jpg, 2
triangle341.jpg, 2
triangle342.jpg, 2
triangle343.jpg, 2
triangle344.jpg, 2
triangle345.jpg, 2
triangle346.jpg, 2
triangle347.jpg, 2
triangle348.jpg, 2
triangle349.jpg, 2
triangle350.jpg, 2
triangle351.jpg, 2
triangle352.jpg, 2
triangle353.jpg, 2
triangle354.jpg, 2
triangle355.jpg, 2
triangle356.jpg, 2
triangle357.jpg, 2
triangle358.jpg, 2
triangle359.jpg, 2
triangle360.jpg, 2
triangle361.jpg, 2
triangle362.jpg, 2
triangle363.jpg, 2
triangle364.jpg, 2
triangle365.jpg, 2
triangle366.jpg, 2
triangle367.jpg, 2
triangle368.jpg, 2
triangle369.jpg, 2
triangle370.jpg, 2
triangle371.jpg, 2
triangle372.jpg, 2
triangle373.jpg, 2
triangle374.jpg, 2
triangle375.jpg, 2
triangle376.jpg, 2
triangle377.jpg, 2
triangle378.jpg, 2
triangle379.jpg, 2
triangle380.jpg, 2
triangle381.jpg, 2
triangle382.jpg, 2
triangle383.jpg, 2
triangle384.jpg, 2
triangle385.jpg, 2
triangle386.jpg, 2
triangle387.jpg, 2
triangle388.jpg, 2
triangle389.jpg, 2
triangle390.jpg, 2
triangle391.jpg, 2
triangle392.jpg, 2
triangle393.jpg, 2
triangle394.jpg, 2
triangle395.jpg, 2
triangle396.jpg, 2
triangle397.jpg, 2
triangle398.jpg, 2
triangle399.jpg, 2
