heart.jpg, 0
heart1.jpg, 0
heart2.jpg, 0
heart3.jpg, 0
heart4.jpg, 0
heart5.jpg, 0
heart6.jpg, 0
heart7.jpg, 0
heart8.jpg, 0
heart9.jpg, 0
heart10.jpg, 0
heart11.jpg, 0
heart12.jpg, 0
heart13.jpg, 0
heart14.jpg, 0
heart15.jpg, 0
heart16.jpg, 0
heart17.jpg, 0
heart18.jpg, 0
heart19.jpg, 0
heart20.jpg, 0
circle.jpg, 1
circle1.jpg, 1
circle2.jpg, 1
circle3.jpg, 1
circle4.jpg, 1
circle5.jpg, 1
circle6.jpg, 1
circle7.jpg, 1
circle8.jpg, 1
circle9.jpg, 1
circle10.jpg, 1
circle11.jpg, 1
circle12.jpg, 1
circle13.jpg, 1
circle14.jpg, 1
circle15.jpg, 1
circle16.jpg, 1
circle17.jpg, 1
circle18.jpg, 1
circle19.jpg, 1
circle20.jpg, 1
triangle.jpg, 2
triangle1.jpg, 2
triangle2.jpg, 2
triangle3.jpg, 2
triangle4.jpg, 2
triangle5.jpg, 2
triangle6.jpg, 2
triangle7.jpg, 2
triangle8.jpg, 2
triangle9.jpg, 2
triangle10.jpg, 2
triangle11.jpg, 2
triangle12.jpg, 2
triangle13.jpg, 2
triangle14.jpg, 2
triangle15.jpg, 2
triangle16.jpg, 2
triangle17.jpg, 2
triangle18.jpg, 2
triangle19.jpg, 2
triangle20.jpg, 2
